-- phpMyAdmin SQL Dump
-- version 5.2.1
-- https://www.phpmyadmin.net/
--
-- Host: 127.0.0.1
-- Generation Time: Sep 11, 2024 at 11:01 PM
-- Server version: 10.4.32-MariaDB
-- PHP Version: 8.2.12

SET SQL_MODE = "NO_AUTO_VALUE_ON_ZERO";
START TRANSACTION;
SET time_zone = "+00:00";


/*!40101 SET @OLD_CHARACTER_SET_CLIENT=@@CHARACTER_SET_CLIENT */;
/*!40101 SET @OLD_CHARACTER_SET_RESULTS=@@CHARACTER_SET_RESULTS */;
/*!40101 SET @OLD_COLLATION_CONNECTION=@@COLLATION_CONNECTION */;
/*!40101 SET NAMES utf8mb4 */;

--
-- Database: `flores_el_futuro`
--

DELIMITER $$
--
-- Procedures
--
CREATE DEFINER=`root`@`localhost` PROCEDURE `actualizar_precio_venta` (IN `producto_nuevo_id` INT, IN `nuevo_precio` DECIMAL(15,2))   BEGIN
    UPDATE producto
    SET precio_venta = nuevo_precio
    WHERE id_producto = producto_nuevo_id;
    
    SELECT CONCAT('Precio actualizado para el producto: ', producto_nuevo_id, ' = ', '$',nuevo_precio) AS mensaje;
END$$

CREATE DEFINER=`root`@`localhost` PROCEDURE `registrar_nuevo_cliente` (IN `nombre_nuevo` VARCHAR(45), IN `direccion_nuevo` VARCHAR(45), IN `telefono_nuevo` CHAR(15), IN `email_nuevo` VARCHAR(45))   BEGIN
    INSERT INTO cliente (nombre, direccion, telefono, email, fecha_registro)
    VALUES (nombre_nuevo, direccion_nuevo, telefono_nuevo, email_nuevo, CURDATE());
    SELECT LAST_INSERT_ID() AS id_nuevo_cliente;
END$$

--
-- Functions
--
CREATE DEFINER=`root`@`localhost` FUNCTION `obtener_proveedor` (`id_prod_pv` INT) RETURNS VARCHAR(45) CHARSET utf8mb4 COLLATE utf8mb4_general_ci  BEGIN
    DECLARE nombre_proveedor VARCHAR(45);
    SELECT proveedor.nombre INTO nombre_proveedor
    FROM proveedor
    JOIN producto ON proveedor.id_proveedor = producto.id_proveedor
    WHERE producto.id_producto = id_prod_pv;
    RETURN IFNULL(nombre_proveedor, 'Sin proveedor');
END$$

CREATE DEFINER=`root`@`localhost` FUNCTION `total_ventas_producto` (`id_prod` INT) RETURNS DECIMAL(15,2)  BEGIN
    DECLARE total DECIMAL(15,2);
    SELECT SUM(detalle_venta.subtotal) INTO total
    FROM detalle_venta
    JOIN ventas ON detalle_venta.id_venta = ventas.id_venta
    WHERE detalle_venta.id_producto = id_prod;
    RETURN IFNULL(total, 0);
END$$

DELIMITER ;

-- --------------------------------------------------------

--
-- Table structure for table `cliente`
--

CREATE TABLE `cliente` (
  `id_cliente` int(11) NOT NULL,
  `nombre` varchar(45) DEFAULT NULL,
  `direccion` varchar(45) DEFAULT NULL,
  `telefono` char(15) DEFAULT NULL,
  `email` varchar(45) DEFAULT NULL,
  `fecha_registro` date DEFAULT NULL
) ENGINE=InnoDB DEFAULT CHARSET=utf8mb4 COLLATE=utf8mb4_general_ci;

--
-- Dumping data for table `cliente`
--

INSERT INTO `cliente` (`id_cliente`, `nombre`, `direccion`, `telefono`, `email`, `fecha_registro`) VALUES
(1, 'María García', 'Calle Principal 123', '612345678', 'maria.garcia@gmail.com', '2023-01-15'),
(2, 'Juan Rodríguez', 'Avenida Central 456', '623456789', 'juan.rodriguez@hotmail.com', '2023-02-01'),
(3, 'Ana Martínez', 'Plaza Mayor 789', '634567890', 'ana.martinez@yahoo.es', '2023-02-15'),
(4, 'Carlos López', 'Calle del Sol 234', '645678901', 'carlos.lopez@outlook.com', '2023-03-01'),
(5, 'Laura Sánchez', 'Avenida de la Luna 567', '656789012', 'laura.sanchez@gmail.com', '2023-03-15'),
(6, 'Pedro Fernández', 'Calle Estrella 890', '667890123', 'pedro.fernandez@yahoo.es', '2023-04-01'),
(7, 'Sofía Pérez', 'Plaza del Mar 123', '678901234', 'sofia.perez@hotmail.com', '2023-04-15'),
(8, 'Diego González', 'Avenida del Bosque 456', '689012345', 'diego.gonzalez@gmail.com', '2023-05-01'),
(9, 'Elena Ruiz', 'Calle Montaña 789', '690123456', 'elena.ruiz@outlook.com', '2023-05-15'),
(10, 'Javier Torres', 'Plaza del Río 234', '601234567', 'javier.torres@yahoo.es', '2023-06-01'),
(11, 'Carmen Moreno', 'Avenida del Parque 567', '612345678', 'carmen.moreno@gmail.com', '2023-06-15'),
(12, 'Antonio Jiménez', 'Calle Lago 890', '623456789', 'antonio.jimenez@hotmail.com', '2023-07-01'),
(13, 'Isabel Díaz', 'Plaza de la Fuente 123', '634567890', 'isabel.diaz@yahoo.es', '2023-07-15'),
(14, 'Miguel Álvarez', 'Avenida del Viento 456', '645678901', 'miguel.alvarez@outlook.com', '2023-08-01'),
(15, 'Lucía Romero', 'Calle del Pino 789', '656789012', 'lucia.romero@gmail.com', '2023-08-15'),
(16, 'Pablo Alonso', 'Plaza de la Palmera 234', '667890123', 'pablo.alonso@hotmail.com', '2023-09-01'),
(17, 'Marta Gutiérrez', 'Avenida del Olivo 567', '678901234', 'marta.gutierrez@yahoo.es', '2023-09-15'),
(18, 'David Navarro', 'Calle del Roble 890', '689012345', 'david.navarro@outlook.com', '2023-10-01'),
(19, 'Cristina Muñoz', 'Plaza de la Encina 123', '690123456', 'cristina.munoz@gmail.com', '2023-10-15'),
(20, 'Alejandro Domínguez', 'Avenida del Cerezo 456', '601234567', 'alejandro.dominguez@hotmail.com', '2023-11-01'),
(21, 'Beatriz Vázquez', 'Calle del Sauce 789', '612345678', 'beatriz.vazquez@yahoo.es', '2023-11-15'),
(22, 'Roberto Ramos', 'Plaza del Abeto 234', '623456789', 'roberto.ramos@outlook.com', '2023-12-01'),
(23, 'Silvia Castro', 'Avenida del Nogal 567', '634567890', 'silvia.castro@gmail.com', '2023-12-15'),
(24, 'Fernando Ortega', 'Calle del Ciprés 890', '645678901', 'fernando.ortega@hotmail.com', '2024-01-01'),
(25, 'Raquel Rubio', 'Plaza del Álamo 123', '656789012', 'raquel.rubio@yahoo.es', '2024-01-15'),
(26, 'Andrés Molina', 'Avenida del Fresno 456', '667890123', 'andres.molina@outlook.com', '2024-02-01'),
(27, 'Patricia Serrano', 'Calle del Castaño 789', '678901234', 'patricia.serrano@gmail.com', '2024-02-15'),
(28, 'Óscar Hernández', 'Plaza del Arce 234', '689012345', 'oscar.hernandez@hotmail.com', '2024-03-01'),
(29, 'Nuria Gómez', 'Avenida del Tilo 567', '690123456', 'nuria.gomez@yahoo.es', '2024-03-15'),
(30, 'Víctor Flores', 'Calle del Eucalipto 890', '601234567', 'victor.flores@outlook.com', '2024-04-01');

-- --------------------------------------------------------

--
-- Table structure for table `detalle_venta`
--

CREATE TABLE `detalle_venta` (
  `id_detalle_venta` int(11) NOT NULL,
  `id_venta` int(11) DEFAULT NULL,
  `id_producto` int(11) DEFAULT NULL,
  `cantidad` int(11) DEFAULT NULL,
  `precio_unitario` decimal(15,2) DEFAULT NULL,
  `subtotal` decimal(15,2) DEFAULT NULL
) ENGINE=InnoDB DEFAULT CHARSET=utf8mb4 COLLATE=utf8mb4_general_ci;

--
-- Dumping data for table `detalle_venta`
--

INSERT INTO `detalle_venta` (`id_detalle_venta`, `id_venta`, `id_producto`, `cantidad`, `precio_unitario`, `subtotal`) VALUES
(1, 1, 24, 8, 2.00, 16.00),
(2, 2, 22, 35, 2.50, 87.50),
(3, 3, 21, 29, 2.00, 58.00),
(4, 4, 20, 5, 3.50, 17.50),
(5, 5, 16, 57, 2.50, 142.50),
(6, 6, 11, 1, 5.00, 5.00),
(7, 7, 10, 47, 4.00, 188.00),
(8, 8, 11, 30, 5.00, 150.00),
(9, 9, 5, 74, 1.50, 111.00),
(10, 10, 17, 80, 3.00, 240.00),
(11, 11, 5, 14, 1.50, 21.00),
(12, 12, 5, 32, 1.50, 48.00),
(13, 13, 20, 9, 3.50, 31.50),
(14, 14, 23, 54, 2.25, 121.50),
(15, 15, 20, 31, 3.50, 108.50),
(16, 16, 20, 36, 3.50, 126.00),
(17, 17, 13, 46, 3.00, 138.00),
(18, 18, 8, 67, 2.00, 134.00),
(19, 19, 22, 68, 2.50, 170.00),
(20, 20, 30, 80, 4.00, 320.00),
(21, 21, 4, 30, 2.00, 60.00),
(22, 22, 19, 22, 1.50, 33.00),
(23, 23, 26, 84, 1.50, 126.00),
(24, 24, 21, 68, 2.00, 136.00),
(25, 25, 8, 77, 2.00, 154.00),
(26, 26, 29, 48, 3.00, 144.00),
(27, 27, 2, 32, 15.00, 480.00),
(28, 28, 15, 77, 3.00, 231.00),
(29, 29, 30, 42, 4.00, 168.00),
(30, 30, 20, 4, 3.50, 14.00),
(31, 31, 16, 60, 2.50, 150.00),
(32, 32, 15, 24, 3.00, 72.00),
(33, 33, 2, 31, 15.00, 465.00),
(34, 34, 15, 61, 3.00, 183.00),
(35, 35, 29, 35, 3.00, 105.00),
(36, 36, 21, 6, 2.00, 12.00),
(37, 37, 10, 60, 4.00, 240.00),
(38, 38, 6, 35, 1.25, 43.75),
(39, 39, 24, 28, 2.00, 56.00),
(40, 40, 23, 81, 2.25, 182.25),
(41, 41, 26, 84, 1.50, 126.00),
(42, 42, 25, 68, 3.50, 238.00),
(43, 43, 28, 50, 2.00, 100.00),
(44, 44, 20, 62, 3.50, 217.00),
(45, 45, 4, 41, 2.00, 82.00),
(46, 46, 16, 58, 2.50, 145.00),
(47, 47, 10, 18, 4.00, 72.00),
(48, 48, 13, 68, 3.00, 204.00),
(49, 49, 15, 17, 3.00, 51.00),
(50, 50, 26, 16, 1.50, 24.00),
(51, 51, 28, 20, 2.00, 40.00),
(52, 52, 24, 69, 2.00, 138.00),
(53, 53, 27, 62, 1.50, 93.00),
(54, 54, 8, 16, 2.00, 32.00),
(55, 55, 7, 55, 4.50, 247.50),
(56, 56, 17, 19, 3.00, 57.00),
(57, 57, 30, 70, 4.00, 280.00),
(58, 58, 27, 55, 1.50, 82.50),
(59, 59, 4, 6, 2.00, 12.00),
(60, 60, 25, 86, 3.50, 301.00),
(61, 61, 21, 73, 2.00, 146.00),
(62, 62, 24, 15, 2.00, 30.00),
(63, 63, 2, 72, 15.00, 1080.00),
(64, 64, 20, 10, 3.50, 35.00),
(65, 65, 4, 19, 2.00, 38.00),
(66, 66, 14, 80, 4.50, 360.00),
(67, 67, 30, 59, 4.00, 236.00),
(68, 68, 12, 48, 2.00, 96.00),
(69, 69, 21, 61, 2.00, 122.00),
(70, 70, 14, 49, 4.50, 220.50),
(71, 71, 12, 80, 2.00, 160.00),
(72, 72, 1, 51, 2.50, 127.50),
(73, 73, 8, 48, 2.00, 96.00),
(74, 74, 7, 8, 4.50, 36.00),
(75, 75, 5, 37, 1.50, 55.50),
(76, 76, 24, 24, 2.00, 48.00),
(77, 77, 21, 70, 2.00, 140.00),
(78, 78, 24, 35, 2.00, 70.00),
(79, 79, 16, 21, 2.50, 52.50),
(80, 80, 28, 40, 2.00, 80.00),
(81, 81, 23, 17, 2.25, 38.25),
(82, 82, 9, 69, 3.50, 241.50),
(83, 83, 5, 23, 1.50, 34.50),
(84, 84, 14, 70, 4.50, 315.00),
(85, 85, 20, 34, 3.50, 119.00),
(86, 86, 28, 85, 2.00, 170.00),
(87, 87, 28, 15, 2.00, 30.00),
(88, 88, 26, 66, 1.50, 99.00),
(89, 89, 16, 87, 2.50, 217.50),
(90, 90, 5, 66, 1.50, 99.00),
(91, 91, 13, 24, 3.00, 72.00),
(92, 92, 1, 5, 2.50, 12.50),
(93, 93, 12, 75, 2.00, 150.00),
(94, 94, 16, 75, 2.50, 187.50),
(95, 95, 29, 56, 3.00, 168.00),
(96, 96, 30, 49, 4.00, 196.00),
(97, 97, 20, 69, 3.50, 241.50),
(98, 98, 13, 65, 3.00, 195.00),
(99, 99, 3, 28, 3.00, 84.00),
(100, 100, 19, 69, 1.50, 103.50),
(101, 101, 17, 53, 3.00, 159.00),
(102, 102, 12, 77, 2.00, 154.00),
(103, 103, 13, 68, 3.00, 204.00),
(104, 104, 18, 49, 2.00, 98.00),
(105, 105, 19, 54, 1.50, 81.00),
(106, 106, 11, 48, 5.00, 240.00),
(107, 107, 2, 8, 15.00, 120.00),
(108, 108, 21, 45, 2.00, 90.00),
(109, 109, 17, 58, 3.00, 174.00),
(110, 110, 27, 3, 1.50, 4.50),
(111, 111, 15, 11, 3.00, 33.00),
(112, 112, 7, 9, 4.50, 40.50),
(113, 113, 7, 3, 4.50, 13.50),
(114, 114, 29, 72, 3.00, 216.00),
(115, 115, 25, 77, 3.50, 269.50),
(116, 116, 20, 43, 3.50, 150.50),
(117, 117, 25, 51, 3.50, 178.50),
(118, 118, 3, 85, 3.00, 255.00),
(119, 119, 20, 66, 3.50, 231.00),
(120, 120, 19, 89, 1.50, 133.50),
(121, 121, 19, 45, 1.50, 67.50),
(122, 122, 6, 28, 1.25, 35.00),
(123, 123, 20, 53, 3.50, 185.50),
(124, 124, 1, 51, 2.50, 127.50),
(125, 125, 23, 16, 2.25, 36.00),
(126, 126, 12, 47, 2.00, 94.00),
(127, 127, 18, 78, 2.00, 156.00),
(128, 128, 2, 38, 15.00, 570.00),
(129, 129, 27, 30, 1.50, 45.00),
(130, 130, 29, 8, 3.00, 24.00),
(131, 131, 7, 29, 4.50, 130.50),
(132, 132, 19, 60, 1.50, 90.00),
(133, 133, 3, 37, 3.00, 111.00),
(134, 134, 22, 87, 2.50, 217.50),
(135, 135, 16, 1, 2.50, 2.50),
(136, 136, 20, 60, 3.50, 210.00),
(137, 137, 16, 44, 2.50, 110.00),
(138, 138, 18, 19, 2.00, 38.00),
(139, 139, 25, 67, 3.50, 234.50),
(140, 140, 4, 73, 2.00, 146.00),
(141, 141, 28, 47, 2.00, 94.00),
(142, 142, 22, 22, 2.50, 55.00),
(143, 143, 29, 84, 3.00, 252.00),
(144, 144, 24, 13, 2.00, 26.00),
(145, 145, 3, 45, 3.00, 135.00),
(146, 146, 15, 57, 3.00, 171.00),
(147, 147, 28, 46, 2.00, 92.00),
(148, 148, 30, 81, 4.00, 324.00),
(149, 149, 10, 55, 4.00, 220.00),
(150, 150, 26, 24, 1.50, 36.00),
(151, 151, 20, 14, 3.50, 49.00),
(152, 152, 14, 48, 4.50, 216.00),
(153, 153, 25, 42, 3.50, 147.00),
(154, 154, 14, 36, 4.50, 162.00),
(155, 155, 2, 76, 15.00, 1140.00),
(156, 156, 15, 39, 3.00, 117.00),
(157, 157, 27, 63, 1.50, 94.50),
(158, 158, 17, 70, 3.00, 210.00),
(159, 159, 5, 88, 1.50, 132.00),
(160, 160, 9, 75, 3.50, 262.50),
(161, 161, 18, 75, 2.00, 150.00),
(162, 162, 26, 22, 1.50, 33.00),
(163, 163, 1, 12, 2.50, 30.00),
(164, 164, 4, 45, 2.00, 90.00),
(165, 165, 26, 51, 1.50, 76.50),
(166, 166, 2, 83, 15.00, 1245.00),
(167, 167, 25, 78, 3.50, 273.00),
(168, 168, 7, 24, 4.50, 108.00),
(169, 169, 7, 55, 4.50, 247.50),
(170, 170, 21, 4, 2.00, 8.00),
(171, 171, 19, 86, 1.50, 129.00),
(172, 172, 15, 6, 3.00, 18.00),
(173, 173, 26, 80, 1.50, 120.00),
(174, 174, 23, 10, 2.25, 22.50),
(175, 175, 17, 74, 3.00, 222.00),
(176, 176, 11, 66, 5.00, 330.00),
(177, 177, 25, 70, 3.50, 245.00),
(178, 178, 14, 34, 4.50, 153.00),
(179, 179, 29, 19, 3.00, 57.00),
(180, 180, 11, 62, 5.00, 310.00),
(181, 181, 18, 89, 2.00, 178.00),
(182, 182, 20, 27, 3.50, 94.50),
(183, 183, 7, 28, 4.50, 126.00),
(184, 184, 1, 88, 2.50, 220.00),
(185, 185, 28, 57, 2.00, 114.00),
(186, 186, 8, 66, 2.00, 132.00),
(187, 187, 20, 11, 3.50, 38.50),
(188, 188, 16, 40, 2.50, 100.00),
(189, 189, 6, 68, 1.25, 85.00),
(190, 190, 15, 44, 3.00, 132.00),
(191, 191, 10, 56, 4.00, 224.00),
(192, 192, 27, 47, 1.50, 70.50),
(193, 193, 12, 57, 2.00, 114.00),
(194, 194, 14, 12, 4.50, 54.00),
(195, 195, 19, 18, 1.50, 27.00),
(196, 196, 12, 37, 2.00, 74.00),
(197, 197, 4, 90, 2.00, 180.00),
(198, 198, 21, 88, 2.00, 176.00),
(199, 199, 18, 20, 2.00, 40.00),
(200, 200, 23, 50, 2.25, 112.50),
(201, 201, 15, 35, 3.00, 105.00),
(202, 202, 24, 3, 2.00, 6.00),
(203, 203, 8, 66, 2.00, 132.00),
(204, 204, 19, 69, 1.50, 103.50),
(205, 205, 11, 85, 5.00, 425.00),
(206, 206, 2, 6, 15.00, 90.00),
(207, 207, 14, 79, 4.50, 355.50),
(208, 208, 4, 58, 2.00, 116.00),
(209, 209, 30, 67, 4.00, 268.00),
(210, 210, 23, 66, 2.25, 148.50),
(211, 211, 22, 74, 2.50, 185.00),
(212, 212, 13, 77, 3.00, 231.00),
(213, 213, 15, 19, 3.00, 57.00),
(214, 214, 10, 6, 4.00, 24.00),
(215, 215, 6, 4, 1.25, 5.00),
(216, 216, 7, 78, 4.50, 351.00),
(217, 217, 14, 6, 4.50, 27.00),
(218, 218, 3, 23, 3.00, 69.00),
(219, 219, 1, 76, 2.50, 190.00),
(220, 220, 23, 14, 2.25, 31.50),
(221, 221, 20, 40, 3.50, 140.00),
(222, 222, 30, 78, 4.00, 312.00),
(223, 223, 6, 3, 1.25, 3.75),
(224, 224, 12, 15, 2.00, 30.00),
(225, 225, 22, 27, 2.50, 67.50),
(226, 226, 1, 2, 2.50, 5.00),
(227, 227, 23, 85, 2.25, 191.25),
(228, 228, 26, 30, 1.50, 45.00),
(229, 229, 1, 29, 2.50, 72.50),
(230, 230, 12, 54, 2.00, 108.00),
(231, 231, 1, 68, 2.50, 170.00),
(232, 232, 6, 88, 1.25, 110.00),
(233, 233, 28, 18, 2.00, 36.00),
(234, 234, 29, 71, 3.00, 213.00),
(235, 235, 3, 25, 3.00, 75.00),
(236, 236, 11, 15, 5.00, 75.00),
(237, 237, 8, 44, 2.00, 88.00),
(238, 238, 27, 55, 1.50, 82.50),
(239, 239, 23, 72, 2.25, 162.00),
(240, 240, 16, 18, 2.50, 45.00),
(241, 241, 28, 69, 2.00, 138.00),
(242, 242, 3, 57, 3.00, 171.00),
(243, 243, 28, 78, 2.00, 156.00),
(244, 244, 27, 12, 1.50, 18.00),
(245, 245, 8, 23, 2.00, 46.00),
(246, 246, 24, 84, 2.00, 168.00),
(247, 247, 7, 29, 4.50, 130.50),
(248, 248, 24, 60, 2.00, 120.00),
(249, 249, 2, 41, 15.00, 615.00),
(250, 250, 25, 60, 3.50, 210.00),
(251, 251, 24, 52, 2.00, 104.00),
(252, 252, 3, 46, 3.00, 138.00),
(253, 253, 15, 12, 3.00, 36.00),
(254, 254, 26, 10, 1.50, 15.00),
(255, 255, 10, 90, 4.00, 360.00),
(256, 256, 29, 89, 3.00, 267.00),
(257, 257, 3, 36, 3.00, 108.00),
(258, 258, 9, 40, 3.50, 140.00),
(259, 259, 27, 84, 1.50, 126.00),
(260, 260, 3, 85, 3.00, 255.00),
(261, 261, 4, 1, 2.00, 2.00),
(262, 262, 18, 84, 2.00, 168.00),
(263, 263, 20, 17, 3.50, 59.50),
(264, 264, 7, 71, 4.50, 319.50),
(265, 265, 2, 12, 15.00, 180.00),
(266, 266, 7, 55, 4.50, 247.50),
(267, 267, 15, 32, 3.00, 96.00),
(268, 268, 16, 1, 2.50, 2.50),
(269, 269, 29, 39, 3.00, 117.00),
(270, 270, 14, 88, 4.50, 396.00),
(271, 271, 27, 25, 1.50, 37.50),
(272, 272, 22, 66, 2.50, 165.00),
(273, 273, 25, 78, 3.50, 273.00),
(274, 274, 29, 62, 3.00, 186.00),
(275, 275, 12, 74, 2.00, 148.00),
(276, 276, 13, 61, 3.00, 183.00),
(277, 277, 14, 9, 4.50, 40.50),
(278, 278, 15, 13, 3.00, 39.00),
(279, 279, 19, 81, 1.50, 121.50),
(280, 280, 23, 88, 2.25, 198.00),
(281, 281, 9, 22, 3.50, 77.00),
(282, 282, 17, 67, 3.00, 201.00),
(283, 283, 3, 28, 3.00, 84.00),
(284, 284, 27, 61, 1.50, 91.50),
(285, 285, 19, 32, 1.50, 48.00),
(286, 286, 15, 34, 3.00, 102.00),
(287, 287, 14, 16, 4.50, 72.00),
(288, 288, 21, 60, 2.00, 120.00),
(289, 289, 18, 73, 2.00, 146.00),
(290, 290, 8, 49, 2.00, 98.00),
(291, 291, 30, 1, 4.00, 4.00),
(292, 292, 16, 1, 2.50, 2.50),
(293, 293, 19, 90, 1.50, 135.00),
(294, 294, 7, 44, 4.50, 198.00),
(295, 295, 16, 25, 2.50, 62.50),
(296, 296, 8, 75, 2.00, 150.00),
(297, 297, 17, 36, 3.00, 108.00),
(298, 298, 1, 42, 2.50, 105.00),
(299, 299, 16, 87, 2.50, 217.50),
(300, 300, 15, 87, 3.00, 261.00),
(301, 301, 23, 48, 2.25, 108.00),
(302, 302, 23, 74, 2.25, 166.50),
(303, 303, 17, 85, 3.00, 255.00),
(304, 304, 20, 56, 3.50, 196.00),
(305, 305, 22, 1, 2.50, 2.50),
(306, 306, 22, 49, 2.50, 122.50),
(307, 307, 22, 40, 2.50, 100.00),
(308, 308, 18, 79, 2.00, 158.00),
(309, 309, 5, 67, 1.50, 100.50),
(310, 310, 20, 2, 3.50, 7.00),
(311, 311, 27, 73, 1.50, 109.50),
(312, 312, 22, 25, 2.50, 62.50),
(313, 313, 13, 56, 3.00, 168.00),
(314, 314, 13, 63, 3.00, 189.00),
(315, 315, 2, 29, 15.00, 435.00),
(316, 316, 22, 5, 2.50, 12.50),
(317, 317, 25, 3, 3.50, 10.50),
(318, 318, 5, 29, 1.50, 43.50),
(319, 319, 24, 7, 2.00, 14.00),
(320, 320, 10, 7, 4.00, 28.00),
(321, 321, 14, 62, 4.50, 279.00),
(322, 322, 21, 16, 2.00, 32.00),
(323, 323, 17, 30, 3.00, 90.00),
(324, 324, 12, 22, 2.00, 44.00),
(325, 325, 28, 39, 2.00, 78.00),
(326, 326, 23, 4, 2.25, 9.00),
(327, 327, 7, 55, 4.50, 247.50),
(328, 328, 6, 17, 1.25, 21.25),
(329, 329, 12, 2, 2.00, 4.00),
(330, 330, 30, 33, 4.00, 132.00),
(331, 331, 29, 50, 3.00, 150.00),
(332, 332, 30, 11, 4.00, 44.00),
(333, 333, 25, 9, 3.50, 31.50),
(334, 334, 17, 8, 3.00, 24.00),
(335, 335, 24, 52, 2.00, 104.00),
(336, 336, 22, 10, 2.50, 25.00),
(337, 337, 11, 42, 5.00, 210.00),
(338, 338, 9, 24, 3.50, 84.00),
(339, 339, 8, 6, 2.00, 12.00),
(340, 340, 26, 37, 1.50, 55.50),
(341, 341, 22, 70, 2.50, 175.00),
(342, 342, 7, 65, 4.50, 292.50),
(343, 343, 30, 31, 4.00, 124.00),
(344, 344, 20, 85, 3.50, 297.50),
(345, 345, 24, 3, 2.00, 6.00),
(346, 346, 30, 74, 4.00, 296.00),
(347, 347, 1, 49, 2.50, 122.50),
(348, 348, 11, 10, 5.00, 50.00),
(349, 349, 1, 14, 2.50, 35.00),
(350, 350, 13, 1, 3.00, 3.00),
(351, 351, 11, 23, 5.00, 115.00),
(352, 352, 19, 71, 1.50, 106.50),
(353, 353, 27, 24, 1.50, 36.00),
(354, 354, 10, 63, 4.00, 252.00),
(355, 355, 18, 22, 2.00, 44.00),
(356, 356, 15, 47, 3.00, 141.00),
(357, 357, 16, 64, 2.50, 160.00),
(358, 358, 23, 64, 2.25, 144.00),
(359, 359, 16, 59, 2.50, 147.50),
(360, 360, 15, 69, 3.00, 207.00),
(361, 361, 6, 10, 1.25, 12.50),
(362, 362, 22, 60, 2.50, 150.00),
(363, 363, 23, 11, 2.25, 24.75),
(364, 364, 10, 2, 4.00, 8.00),
(365, 365, 3, 30, 3.00, 90.00),
(366, 366, 4, 42, 2.00, 84.00),
(367, 367, 28, 34, 2.00, 68.00),
(368, 368, 10, 4, 4.00, 16.00),
(369, 369, 17, 36, 3.00, 108.00),
(370, 370, 12, 32, 2.00, 64.00),
(371, 371, 19, 66, 1.50, 99.00),
(372, 372, 19, 5, 1.50, 7.50),
(373, 373, 25, 31, 3.50, 108.50),
(374, 374, 26, 84, 1.50, 126.00),
(375, 375, 12, 88, 2.00, 176.00),
(376, 376, 11, 74, 5.00, 370.00),
(377, 377, 28, 78, 2.00, 156.00),
(378, 378, 15, 62, 3.00, 186.00),
(379, 379, 29, 47, 3.00, 141.00),
(380, 380, 10, 39, 4.00, 156.00),
(381, 381, 1, 86, 2.50, 215.00),
(382, 382, 22, 36, 2.50, 90.00),
(383, 383, 23, 11, 2.25, 24.75),
(384, 384, 14, 17, 4.50, 76.50),
(385, 385, 26, 85, 1.50, 127.50),
(386, 386, 20, 29, 3.50, 101.50),
(387, 387, 25, 56, 3.50, 196.00),
(388, 388, 19, 29, 1.50, 43.50),
(389, 389, 21, 19, 2.00, 38.00),
(390, 390, 9, 57, 3.50, 199.50),
(391, 391, 30, 30, 4.00, 120.00),
(392, 392, 14, 87, 4.50, 391.50),
(393, 393, 14, 83, 4.50, 373.50),
(394, 394, 14, 15, 4.50, 67.50),
(395, 395, 21, 76, 2.00, 152.00),
(396, 396, 9, 26, 3.50, 91.00),
(397, 397, 11, 90, 5.00, 450.00),
(398, 398, 29, 17, 3.00, 51.00),
(399, 399, 18, 76, 2.00, 152.00),
(400, 400, 24, 51, 2.00, 102.00),
(401, 401, 15, 40, 3.00, 120.00),
(402, 402, 22, 7, 2.50, 17.50),
(403, 403, 1, 52, 2.50, 130.00),
(404, 404, 11, 47, 5.00, 235.00),
(405, 405, 4, 51, 2.00, 102.00),
(406, 406, 12, 16, 2.00, 32.00),
(407, 407, 6, 30, 1.25, 37.50),
(408, 408, 27, 78, 1.50, 117.00),
(409, 409, 27, 59, 1.50, 88.50),
(410, 410, 27, 43, 1.50, 64.50),
(411, 411, 28, 15, 2.00, 30.00),
(412, 412, 29, 14, 3.00, 42.00),
(413, 413, 10, 73, 4.00, 292.00),
(414, 414, 21, 84, 2.00, 168.00),
(415, 415, 18, 77, 2.00, 154.00),
(416, 416, 19, 1, 1.50, 1.50),
(417, 417, 8, 77, 2.00, 154.00),
(418, 418, 6, 84, 1.25, 105.00),
(419, 419, 25, 66, 3.50, 231.00),
(420, 420, 17, 6, 3.00, 18.00),
(421, 421, 16, 64, 2.50, 160.00),
(422, 422, 27, 22, 1.50, 33.00),
(423, 423, 14, 56, 4.50, 252.00),
(424, 424, 24, 6, 2.00, 12.00),
(425, 425, 1, 81, 2.50, 202.50),
(426, 426, 21, 23, 2.00, 46.00),
(427, 427, 19, 39, 1.50, 58.50),
(428, 428, 27, 30, 1.50, 45.00),
(429, 429, 16, 22, 2.50, 55.00),
(430, 430, 5, 20, 1.50, 30.00),
(431, 431, 21, 67, 2.00, 134.00),
(432, 432, 11, 37, 5.00, 185.00),
(433, 433, 23, 75, 2.25, 168.75),
(434, 434, 15, 2, 3.00, 6.00),
(435, 435, 18, 53, 2.00, 106.00),
(436, 436, 24, 66, 2.00, 132.00),
(437, 437, 15, 71, 3.00, 213.00),
(438, 438, 23, 60, 2.25, 135.00),
(439, 439, 18, 20, 2.00, 40.00),
(440, 440, 5, 15, 1.50, 22.50),
(441, 441, 7, 76, 4.50, 342.00),
(442, 442, 1, 13, 2.50, 32.50),
(443, 443, 3, 32, 3.00, 96.00),
(444, 444, 7, 12, 4.50, 54.00),
(445, 445, 6, 61, 1.25, 76.25),
(446, 446, 20, 26, 3.50, 91.00),
(447, 447, 15, 38, 3.00, 114.00),
(448, 448, 15, 76, 3.00, 228.00),
(449, 449, 29, 70, 3.00, 210.00),
(450, 450, 2, 75, 15.00, 1125.00),
(451, 451, 25, 45, 3.50, 157.50),
(452, 452, 9, 79, 3.50, 276.50),
(453, 453, 7, 40, 4.50, 180.00),
(454, 454, 5, 38, 1.50, 57.00),
(455, 455, 2, 34, 15.00, 510.00),
(456, 456, 23, 55, 2.25, 123.75),
(457, 457, 20, 1, 3.50, 3.50),
(458, 458, 29, 68, 3.00, 204.00),
(459, 459, 9, 29, 3.50, 101.50),
(460, 460, 11, 9, 5.00, 45.00),
(461, 461, 29, 49, 3.00, 147.00),
(462, 462, 9, 82, 3.50, 287.00),
(463, 463, 13, 34, 3.00, 102.00),
(464, 464, 30, 38, 4.00, 152.00),
(465, 465, 3, 67, 3.00, 201.00),
(466, 466, 18, 82, 2.00, 164.00),
(467, 467, 8, 43, 2.00, 86.00),
(468, 468, 4, 68, 2.00, 136.00),
(469, 469, 15, 42, 3.00, 126.00),
(470, 470, 14, 67, 4.50, 301.50),
(471, 471, 12, 38, 2.00, 76.00),
(472, 472, 1, 73, 2.50, 182.50),
(473, 473, 11, 71, 5.00, 355.00),
(474, 474, 11, 61, 5.00, 305.00),
(475, 475, 19, 47, 1.50, 70.50),
(476, 476, 25, 7, 3.50, 24.50),
(477, 477, 4, 46, 2.00, 92.00),
(478, 478, 26, 76, 1.50, 114.00),
(479, 479, 18, 13, 2.00, 26.00),
(480, 480, 19, 17, 1.50, 25.50),
(481, 481, 27, 86, 1.50, 129.00),
(482, 482, 22, 78, 2.50, 195.00),
(483, 483, 30, 9, 4.00, 36.00),
(484, 484, 16, 44, 2.50, 110.00),
(485, 485, 24, 28, 2.00, 56.00),
(486, 486, 12, 26, 2.00, 52.00),
(487, 487, 13, 56, 3.00, 168.00),
(488, 488, 16, 11, 2.50, 27.50),
(489, 489, 8, 4, 2.00, 8.00),
(490, 490, 12, 14, 2.00, 28.00),
(491, 491, 5, 19, 1.50, 28.50),
(492, 492, 6, 61, 1.25, 76.25),
(493, 493, 13, 55, 3.00, 165.00),
(494, 494, 21, 71, 2.00, 142.00),
(495, 495, 23, 46, 2.25, 103.50),
(496, 496, 24, 57, 2.00, 114.00),
(497, 497, 2, 13, 15.00, 195.00),
(498, 498, 12, 43, 2.00, 86.00),
(499, 499, 24, 38, 2.00, 76.00),
(500, 500, 9, 79, 3.50, 276.50);

--
-- Triggers `detalle_venta`
--
DELIMITER $$
CREATE TRIGGER `actualizar_subtotal` BEFORE INSERT ON `detalle_venta` FOR EACH ROW BEGIN
    SET NEW.subtotal = NEW.cantidad * NEW.precio_unitario;
END
$$
DELIMITER ;
DELIMITER $$
CREATE TRIGGER `actualizar_total_venta` AFTER INSERT ON `detalle_venta` FOR EACH ROW BEGIN
    UPDATE ventas
    SET total_venta = (
        SELECT SUM(subtotal)
        FROM detalle_venta
        WHERE id_venta = NEW.id_venta
    )
    WHERE id_venta = NEW.id_venta;
END
$$
DELIMITER ;
DELIMITER $$
CREATE TRIGGER `establecer_precio_unitario` BEFORE INSERT ON `detalle_venta` FOR EACH ROW BEGIN
    SET NEW.precio_unitario = (
        SELECT precio_venta
        FROM producto
        WHERE id_producto = NEW.id_producto
    );
END
$$
DELIMITER ;

-- --------------------------------------------------------

--
-- Table structure for table `inventario`
--

CREATE TABLE `inventario` (
  `id_inventario` int(11) NOT NULL,
  `id_producto` int(11) DEFAULT NULL,
  `cantidad_disponible` int(11) DEFAULT NULL,
  `fecha_actualizacion` date DEFAULT NULL
) ENGINE=InnoDB DEFAULT CHARSET=utf8mb4 COLLATE=utf8mb4_general_ci;

--
-- Dumping data for table `inventario`
--

INSERT INTO `inventario` (`id_inventario`, `id_producto`, `cantidad_disponible`, `fecha_actualizacion`) VALUES
(1, 1, 2250, '2024-06-15'),
(2, 2, 1175, '2024-06-15'),
(3, 3, 1260, '2024-06-15'),
(4, 4, 2185, '2024-06-15'),
(5, 5, 2140, '2024-06-15'),
(6, 6, 2255, '2024-06-15'),
(7, 7, 1190, '2024-06-15'),
(8, 8, 1265, '2024-06-15'),
(9, 9, 3270, '2024-06-15'),
(10, 10, 1145, '2024-06-15'),
(11, 11, 2180, '2024-06-15'),
(12, 12, 2250, '2024-06-15'),
(13, 13, 2275, '2024-06-15'),
(14, 14, 2260, '2024-06-15'),
(15, 15, 1185, '2024-06-15'),
(16, 16, 1140, '2024-06-30'),
(17, 17, 1155, '2024-06-30'),
(18, 18, 2190, '2024-06-30'),
(19, 19, 2165, '2024-06-30'),
(20, 20, 2170, '2024-06-30'),
(21, 21, 1245, '2024-06-30'),
(22, 22, 1280, '2024-06-30'),
(23, 23, 1250, '2024-06-30'),
(24, 24, 2175, '2024-06-30'),
(25, 25, 260, '2024-06-30'),
(26, 26, 2285, '2024-06-30'),
(27, 27, 1240, '2024-06-30'),
(28, 28, 2255, '2024-06-30'),
(29, 29, 2190, '2024-06-30'),
(30, 30, 1165, '2024-06-30');

-- --------------------------------------------------------

--
-- Table structure for table `producto`
--

CREATE TABLE `producto` (
  `id_producto` int(11) NOT NULL,
  `id_proveedor` int(11) DEFAULT NULL,
  `nombre` varchar(45) DEFAULT NULL,
  `color` varchar(45) DEFAULT NULL,
  `precio_compra` decimal(15,2) DEFAULT NULL,
  `precio_venta` decimal(15,2) DEFAULT NULL,
  `descripcion` text DEFAULT NULL
) ENGINE=InnoDB DEFAULT CHARSET=utf8mb4 COLLATE=utf8mb4_general_ci;

--
-- Dumping data for table `producto`
--

INSERT INTO `producto` (`id_producto`, `id_proveedor`, `nombre`, `color`, `precio_compra`, `precio_venta`, `descripcion`) VALUES
(1, 3, 'Rosa', 'Rojo', 2.00, 2.50, 'Rosa roja de tallo largo'),
(2, 7, 'Orquídea', 'Blanco', 12.00, 15.00, 'Orquídea Phalaenopsis blanca'),
(3, 2, 'Girasol', 'Amarillo', 2.40, 3.00, 'Girasol grande de 30cm'),
(4, 9, 'Tulipán', 'Naranja', 1.60, 2.00, 'Tulipán holandés naranja'),
(5, 5, 'Margarita', 'Blanco', 1.20, 1.50, 'Margarita silvestre blanca'),
(6, 1, 'Clavel', 'Rosa', 1.00, 1.25, 'Clavel rosa miniatura'),
(7, 8, 'Lirio', 'Morado', 3.60, 4.50, 'Lirio oriental morado'),
(8, 4, 'Crisantemo', 'Amarillo', 1.60, 2.00, 'Crisantemo amarillo brillante'),
(9, 10, 'Dalia', 'Rojo', 2.80, 3.50, 'Dalia roja de gran tamaño'),
(10, 6, 'Gardenia', 'Blanco', 3.20, 4.00, 'Gardenia fragante'),
(11, 2, 'Peonia', 'Rosa', 4.00, 5.00, 'Peonia rosa de doble pétalo'),
(12, 7, 'Gerbera', 'Naranja', 1.60, 2.00, 'Gerbera naranja vibrante'),
(13, 3, 'Jazmín', 'Blanco', 2.40, 3.00, 'Jazmín aromático'),
(14, 9, 'Hortensia', 'Azul', 3.60, 4.50, 'Hortensia azul hydrangea'),
(15, 1, 'Azucena', 'Blanco', 2.40, 3.00, 'Azucena blanca pura'),
(16, 5, 'Iris', 'Púrpura', 2.00, 2.50, 'Iris púrpura real'),
(17, 10, 'Gladiolo', 'Rosado', 2.40, 3.00, 'Gladiolo rosado de tallo alto'),
(18, 4, 'Begonia', 'Rojo', 1.60, 2.00, 'Begonia roja de flor doble'),
(19, 8, 'Caléndula', 'Naranja', 1.20, 1.50, 'Caléndula naranja brillante'),
(20, 6, 'Delfinio', 'Azul', 2.80, 3.50, 'Delfinio azul cielo'),
(21, 2, 'Anemona', 'Blanco', 1.60, 2.00, 'Anemona blanca delicada'),
(22, 7, 'Ranúnculo', 'Amarillo', 2.00, 2.50, 'Ranúnculo amarillo brillante'),
(23, 1, 'Alstroemeria', 'Multicolor', 1.80, 2.25, 'Alstroemeria de colores variados'),
(24, 9, 'Fresia', 'Morado', 1.60, 2.00, 'Fresia morada fragante'),
(25, 5, 'Nardo', 'Blanco', 2.80, 3.50, 'Nardo blanco aromático'),
(26, 3, 'Anémona', 'Rojo', 1.20, 1.50, 'Anémona roja de San Valentín'),
(27, 8, 'Statice', 'Lavanda', 1.20, 1.50, 'Statice lavanda para ramos secos'),
(28, 10, 'Astromelia', 'Rosa', 1.60, 2.00, 'Astromelia rosa de larga duración'),
(29, 4, 'Lisianthus', 'Blanco', 2.40, 3.00, 'Lisianthus blanco elegante'),
(30, 6, 'Cala', 'Blanco', 3.20, 4.00, 'Cala blanca para arreglos de boda');

-- --------------------------------------------------------

--
-- Stand-in structure for view `productos_mas_vendidos`
-- (See below for the actual view)
--
CREATE TABLE `productos_mas_vendidos` (
`id_producto` int(11)
,`nombre` varchar(45)
,`total_vendido` decimal(32,0)
);

-- --------------------------------------------------------

--
-- Table structure for table `proveedor`
--

CREATE TABLE `proveedor` (
  `id_proveedor` int(11) NOT NULL,
  `nombre` varchar(45) DEFAULT NULL,
  `direccion` varchar(45) DEFAULT NULL,
  `telefono` char(15) DEFAULT NULL,
  `email` varchar(45) DEFAULT NULL,
  `metodo_pago` text DEFAULT NULL
) ENGINE=InnoDB DEFAULT CHARSET=utf8mb4 COLLATE=utf8mb4_general_ci;

--
-- Dumping data for table `proveedor`
--

INSERT INTO `proveedor` (`id_proveedor`, `nombre`, `direccion`, `telefono`, `email`, `metodo_pago`) VALUES
(1, 'Flores del Campo', 'Calle Rosa 123, Ciudad Jardín', '555-0101', 'floresdelcampo@email.com', 'Transferencia bancaria'),
(2, 'Invernaderos La Orquídea', 'Av. Girasol 456, Villa Floral', '555-0202', 'laorquidea@email.com', 'Cheque'),
(3, 'Vivero El Edén', 'Carrera 7 #89-10, Bosque Verde', '555-0303', 'viveroeden@email.com', 'Efectivo'),
(4, 'Jardines del Futuro', 'Paseo de las Dalias 789, Prado Alto', '555-0404', 'jardinesfuturo@email.com', 'Tarjeta de crédito'),
(5, 'Flores y Más', 'Calle Tulipán 321, Floresta', '555-0505', 'floresymas@email.com', 'PayPal'),
(6, 'Pétalos Exóticos', 'Av. Orquídea 654, Jardines del Sur', '555-0606', 'petalosexoticos@email.com', 'Transferencia bancaria'),
(7, 'Cultivos Florales', 'Carrera 12 #34-56, Campo Alegre', '555-0707', 'cultivosflorales@email.com', 'Cheque'),
(8, 'Aromas del Jardín', 'Calle Jazmín 987, Villa Aromática', '555-0808', 'aromasjardin@email.com', 'Efectivo'),
(9, 'Flor de Loto Mayorista', 'Av. Loto 246, Lago Azul', '555-0909', 'flordeloto@email.com', 'Tarjeta de débito'),
(10, 'Brotes Verdes S.A.', 'Paseo del Lirio 135, Colinas Verdes', '555-1010', 'brotesverdes@email.com', 'PayPal');

-- --------------------------------------------------------

--
-- Table structure for table `ventas`
--

CREATE TABLE `ventas` (
  `id_venta` int(11) NOT NULL,
  `id_cliente` int(11) DEFAULT NULL,
  `fecha_venta` date DEFAULT NULL,
  `metodo_pago` text DEFAULT NULL,
  `total_venta` decimal(15,2) DEFAULT NULL
) ENGINE=InnoDB DEFAULT CHARSET=utf8mb4 COLLATE=utf8mb4_general_ci;

--
-- Dumping data for table `ventas`
--

INSERT INTO `ventas` (`id_venta`, `id_cliente`, `fecha_venta`, `metodo_pago`, `total_venta`) VALUES
(1, 20, '2024-08-09', 'Efectivo', 16.00),
(2, 20, '2024-08-07', 'Tarjeta de credito', 87.50),
(3, 7, '2024-08-08', 'Tarjeta de credito', 58.00),
(4, 23, '2024-08-27', 'transferencia bancaria', 17.50),
(5, 14, '2024-07-10', 'Tarjeta debito', 142.50),
(6, 4, '2024-08-25', 'Tarjeta debito', 5.00),
(7, 4, '2024-08-30', 'Tarjeta debito', 188.00),
(8, 22, '2024-07-11', 'Efectivo', 150.00),
(9, 1, '2024-08-22', 'Tarjeta debito', 111.00),
(10, 26, '2024-07-01', 'Tarjeta de credito', 240.00),
(11, 6, '2024-08-11', 'Efectivo', 21.00),
(12, 25, '2024-08-29', 'transferencia bancaria', 48.00),
(13, 11, '2024-07-20', 'transferencia bancaria', 31.50),
(14, 19, '2024-07-10', 'Tarjeta de credito', 121.50),
(15, 5, '2024-07-24', 'Tarjeta debito', 108.50),
(16, 28, '2024-07-25', 'Tarjeta debito', 126.00),
(17, 2, '2024-08-27', 'Tarjeta de credito', 138.00),
(18, 16, '2024-07-09', 'Efectivo', 134.00),
(19, 17, '2024-08-06', 'Tarjeta de credito', 170.00),
(20, 10, '2024-07-04', 'Efectivo', 320.00),
(21, 20, '2024-07-06', 'Tarjeta de credito', 60.00),
(22, 17, '2024-08-25', 'Tarjeta debito', 33.00),
(23, 10, '2024-07-12', 'transferencia bancaria', 126.00),
(24, 28, '2024-08-07', 'transferencia bancaria', 136.00),
(25, 27, '2024-08-15', 'Tarjeta de credito', 154.00),
(26, 19, '2024-08-24', 'transferencia bancaria', 144.00),
(27, 7, '2024-08-02', 'transferencia bancaria', 480.00),
(28, 27, '2024-07-28', 'Tarjeta de credito', 231.00),
(29, 10, '2024-07-28', 'transferencia bancaria', 168.00),
(30, 3, '2024-08-24', 'Tarjeta de credito', 14.00),
(31, 1, '2024-08-21', 'transferencia bancaria', 150.00),
(32, 19, '2024-07-05', 'Tarjeta debito', 72.00),
(33, 27, '2024-07-14', 'Tarjeta de credito', 465.00),
(34, 3, '2024-08-27', 'Efectivo', 183.00),
(35, 10, '2024-08-16', 'Efectivo', 105.00),
(36, 15, '2024-07-17', 'Tarjeta de credito', 12.00),
(37, 29, '2024-07-16', 'transferencia bancaria', 240.00),
(38, 12, '2024-08-15', 'Tarjeta de credito', 43.75),
(39, 1, '2024-08-17', 'Tarjeta de credito', 56.00),
(40, 13, '2024-08-17', 'Tarjeta debito', 182.25),
(41, 9, '2024-08-03', 'transferencia bancaria', 126.00),
(42, 7, '2024-08-20', 'Efectivo', 238.00),
(43, 20, '2024-07-04', 'Tarjeta de credito', 100.00),
(44, 12, '2024-08-14', 'Tarjeta de credito', 217.00),
(45, 3, '2024-07-21', 'Tarjeta debito', 82.00),
(46, 24, '2024-08-23', 'Efectivo', 145.00),
(47, 11, '2024-07-14', 'Efectivo', 72.00),
(48, 19, '2024-07-18', 'transferencia bancaria', 204.00),
(49, 14, '2024-08-12', 'Efectivo', 51.00),
(50, 20, '2024-07-06', 'Tarjeta debito', 24.00),
(51, 24, '2024-07-23', 'Tarjeta debito', 40.00),
(52, 9, '2024-08-09', 'Tarjeta de credito', 138.00),
(53, 3, '2024-07-21', 'Efectivo', 93.00),
(54, 25, '2024-07-23', 'Tarjeta de credito', 32.00),
(55, 20, '2024-08-25', 'Efectivo', 247.50),
(56, 4, '2024-08-06', 'Efectivo', 57.00),
(57, 14, '2024-08-09', 'Tarjeta de credito', 280.00),
(58, 2, '2024-07-28', 'Efectivo', 82.50),
(59, 19, '2024-07-17', 'transferencia bancaria', 12.00),
(60, 9, '2024-07-20', 'transferencia bancaria', 301.00),
(61, 21, '2024-07-04', 'transferencia bancaria', 146.00),
(62, 12, '2024-08-18', 'Tarjeta debito', 30.00),
(63, 14, '2024-07-29', 'Tarjeta de credito', 1080.00),
(64, 6, '2024-08-07', 'Tarjeta de credito', 35.00),
(65, 13, '2024-08-19', 'Tarjeta debito', 38.00),
(66, 20, '2024-08-25', 'Efectivo', 360.00),
(67, 25, '2024-07-16', 'Tarjeta debito', 236.00),
(68, 28, '2024-07-30', 'transferencia bancaria', 96.00),
(69, 7, '2024-07-04', 'Tarjeta debito', 122.00),
(70, 8, '2024-08-26', 'Tarjeta debito', 220.50),
(71, 22, '2024-07-18', 'Tarjeta de credito', 160.00),
(72, 21, '2024-07-28', 'Efectivo', 127.50),
(73, 24, '2024-08-10', 'Tarjeta debito', 96.00),
(74, 20, '2024-07-16', 'transferencia bancaria', 36.00),
(75, 11, '2024-07-17', 'Efectivo', 55.50),
(76, 18, '2024-08-14', 'transferencia bancaria', 48.00),
(77, 6, '2024-08-13', 'Tarjeta de credito', 140.00),
(78, 18, '2024-08-09', 'Efectivo', 70.00),
(79, 6, '2024-08-05', 'Tarjeta debito', 52.50),
(80, 5, '2024-07-19', 'Tarjeta debito', 80.00),
(81, 28, '2024-07-03', 'Efectivo', 38.25),
(82, 30, '2024-08-16', 'transferencia bancaria', 241.50),
(83, 22, '2024-08-04', 'transferencia bancaria', 34.50),
(84, 1, '2024-08-14', 'Tarjeta debito', 315.00),
(85, 13, '2024-08-10', 'Tarjeta de credito', 119.00),
(86, 4, '2024-08-15', 'Tarjeta debito', 170.00),
(87, 15, '2024-07-28', 'Efectivo', 30.00),
(88, 12, '2024-07-08', 'Efectivo', 99.00),
(89, 7, '2024-07-19', 'transferencia bancaria', 217.50),
(90, 2, '2024-08-19', 'Efectivo', 99.00),
(91, 10, '2024-07-22', 'Efectivo', 72.00),
(92, 29, '2024-08-20', 'Tarjeta debito', 12.50),
(93, 9, '2024-08-10', 'Tarjeta de credito', 150.00),
(94, 29, '2024-08-24', 'Tarjeta debito', 187.50),
(95, 3, '2024-07-28', 'Tarjeta debito', 168.00),
(96, 21, '2024-08-06', 'Tarjeta de credito', 196.00),
(97, 15, '2024-07-10', 'transferencia bancaria', 241.50),
(98, 27, '2024-07-28', 'Efectivo', 195.00),
(99, 30, '2024-07-25', 'Efectivo', 84.00),
(100, 28, '2024-08-28', 'Efectivo', 103.50),
(101, 24, '2024-07-30', 'Tarjeta debito', 159.00),
(102, 11, '2024-08-07', 'transferencia bancaria', 154.00),
(103, 11, '2024-07-27', 'Tarjeta de credito', 204.00),
(104, 17, '2024-08-11', 'Tarjeta de credito', 98.00),
(105, 8, '2024-08-06', 'transferencia bancaria', 81.00),
(106, 4, '2024-08-26', 'Efectivo', 240.00),
(107, 17, '2024-07-14', 'transferencia bancaria', 120.00),
(108, 9, '2024-07-01', 'Tarjeta de credito', 90.00),
(109, 14, '2024-07-04', 'transferencia bancaria', 174.00),
(110, 2, '2024-07-31', 'transferencia bancaria', 4.50),
(111, 9, '2024-08-03', 'Tarjeta debito', 33.00),
(112, 29, '2024-07-08', 'Efectivo', 40.50),
(113, 8, '2024-08-15', 'Tarjeta de credito', 13.50),
(114, 19, '2024-07-02', 'Tarjeta de credito', 216.00),
(115, 17, '2024-07-16', 'transferencia bancaria', 269.50),
(116, 16, '2024-08-08', 'Tarjeta de credito', 150.50),
(117, 20, '2024-08-15', 'Efectivo', 178.50),
(118, 22, '2024-07-30', 'Tarjeta de credito', 255.00),
(119, 14, '2024-07-25', 'Tarjeta debito', 231.00),
(120, 27, '2024-07-06', 'Tarjeta debito', 133.50),
(121, 5, '2024-07-29', 'Efectivo', 67.50),
(122, 1, '2024-08-28', 'Efectivo', 35.00),
(123, 25, '2024-08-22', 'Tarjeta debito', 185.50),
(124, 8, '2024-07-27', 'Efectivo', 127.50),
(125, 1, '2024-08-26', 'Tarjeta debito', 36.00),
(126, 21, '2024-08-02', 'transferencia bancaria', 94.00),
(127, 28, '2024-07-20', 'transferencia bancaria', 156.00),
(128, 16, '2024-07-22', 'Tarjeta de credito', 570.00),
(129, 23, '2024-07-18', 'transferencia bancaria', 45.00),
(130, 28, '2024-08-27', 'Tarjeta debito', 24.00),
(131, 18, '2024-07-12', 'Tarjeta debito', 130.50),
(132, 29, '2024-07-22', 'Tarjeta debito', 90.00),
(133, 4, '2024-08-10', 'transferencia bancaria', 111.00),
(134, 15, '2024-07-09', 'transferencia bancaria', 217.50),
(135, 10, '2024-08-19', 'Efectivo', 2.50),
(136, 16, '2024-08-02', 'Tarjeta debito', 210.00),
(137, 13, '2024-07-14', 'transferencia bancaria', 110.00),
(138, 12, '2024-08-10', 'Tarjeta de credito', 38.00),
(139, 13, '2024-07-13', 'Efectivo', 234.50),
(140, 17, '2024-08-18', 'Tarjeta de credito', 146.00),
(141, 3, '2024-08-06', 'Tarjeta debito', 94.00),
(142, 26, '2024-07-25', 'Efectivo', 55.00),
(143, 18, '2024-07-13', 'transferencia bancaria', 252.00),
(144, 30, '2024-07-14', 'Efectivo', 26.00),
(145, 20, '2024-07-13', 'Efectivo', 135.00),
(146, 5, '2024-07-11', 'Tarjeta debito', 171.00),
(147, 15, '2024-07-09', 'Efectivo', 92.00),
(148, 18, '2024-08-06', 'Efectivo', 324.00),
(149, 1, '2024-08-08', 'Tarjeta debito', 220.00),
(150, 4, '2024-08-08', 'Tarjeta de credito', 36.00),
(151, 22, '2024-08-22', 'transferencia bancaria', 49.00),
(152, 17, '2024-07-19', 'Efectivo', 216.00),
(153, 22, '2024-08-06', 'Tarjeta de credito', 147.00),
(154, 13, '2024-07-26', 'transferencia bancaria', 162.00),
(155, 17, '2024-08-16', 'Efectivo', 1140.00),
(156, 2, '2024-07-03', 'Efectivo', 117.00),
(157, 22, '2024-07-28', 'Tarjeta debito', 94.50),
(158, 3, '2024-08-04', 'Efectivo', 210.00),
(159, 1, '2024-07-30', 'transferencia bancaria', 132.00),
(160, 21, '2024-07-31', 'Efectivo', 262.50),
(161, 7, '2024-08-26', 'Tarjeta debito', 150.00),
(162, 8, '2024-08-01', 'Efectivo', 33.00),
(163, 13, '2024-07-21', 'transferencia bancaria', 30.00),
(164, 24, '2024-08-22', 'transferencia bancaria', 90.00),
(165, 4, '2024-07-13', 'Tarjeta de credito', 76.50),
(166, 17, '2024-07-03', 'Tarjeta debito', 1245.00),
(167, 17, '2024-08-06', 'transferencia bancaria', 273.00),
(168, 16, '2024-07-19', 'Efectivo', 108.00),
(169, 5, '2024-07-30', 'Tarjeta de credito', 247.50),
(170, 3, '2024-07-01', 'transferencia bancaria', 8.00),
(171, 20, '2024-07-31', 'Efectivo', 129.00),
(172, 27, '2024-07-22', 'Efectivo', 18.00),
(173, 9, '2024-08-10', 'Tarjeta de credito', 120.00),
(174, 27, '2024-08-10', 'transferencia bancaria', 22.50),
(175, 3, '2024-07-15', 'Efectivo', 222.00),
(176, 24, '2024-08-23', 'Efectivo', 330.00),
(177, 23, '2024-08-05', 'Tarjeta de credito', 245.00),
(178, 21, '2024-08-21', 'Tarjeta debito', 153.00),
(179, 25, '2024-07-31', 'Tarjeta de credito', 57.00),
(180, 18, '2024-07-17', 'transferencia bancaria', 310.00),
(181, 3, '2024-08-29', 'Tarjeta debito', 178.00),
(182, 22, '2024-08-01', 'Tarjeta debito', 94.50),
(183, 3, '2024-08-14', 'Efectivo', 126.00),
(184, 13, '2024-08-18', 'Tarjeta de credito', 220.00),
(185, 4, '2024-08-16', 'Tarjeta debito', 114.00),
(186, 30, '2024-07-01', 'transferencia bancaria', 132.00),
(187, 27, '2024-07-10', 'Efectivo', 38.50),
(188, 25, '2024-08-09', 'transferencia bancaria', 100.00),
(189, 16, '2024-07-24', 'Tarjeta debito', 85.00),
(190, 7, '2024-08-03', 'transferencia bancaria', 132.00),
(191, 12, '2024-08-08', 'Tarjeta debito', 224.00),
(192, 27, '2024-08-04', 'transferencia bancaria', 70.50),
(193, 10, '2024-08-25', 'Tarjeta de credito', 114.00),
(194, 22, '2024-08-12', 'transferencia bancaria', 54.00),
(195, 16, '2024-08-07', 'Tarjeta de credito', 27.00),
(196, 11, '2024-07-03', 'transferencia bancaria', 74.00),
(197, 9, '2024-08-13', 'transferencia bancaria', 180.00),
(198, 14, '2024-08-27', 'Tarjeta debito', 176.00),
(199, 5, '2024-07-14', 'Efectivo', 40.00),
(200, 9, '2024-08-23', 'Efectivo', 112.50),
(201, 27, '2024-07-13', 'Tarjeta de credito', 105.00),
(202, 11, '2024-07-30', 'transferencia bancaria', 6.00),
(203, 30, '2024-08-28', 'Tarjeta debito', 132.00),
(204, 11, '2024-08-25', 'Tarjeta de credito', 103.50),
(205, 12, '2024-07-20', 'transferencia bancaria', 425.00),
(206, 21, '2024-08-03', 'Tarjeta debito', 90.00),
(207, 17, '2024-08-25', 'transferencia bancaria', 355.50),
(208, 18, '2024-08-15', 'Tarjeta debito', 116.00),
(209, 9, '2024-07-05', 'Efectivo', 268.00),
(210, 14, '2024-08-22', 'transferencia bancaria', 148.50),
(211, 12, '2024-07-10', 'Efectivo', 185.00),
(212, 15, '2024-08-09', 'Tarjeta debito', 231.00),
(213, 7, '2024-07-14', 'transferencia bancaria', 57.00),
(214, 7, '2024-07-03', 'Efectivo', 24.00),
(215, 18, '2024-08-29', 'Efectivo', 5.00),
(216, 15, '2024-08-04', 'Tarjeta debito', 351.00),
(217, 8, '2024-07-01', 'transferencia bancaria', 27.00),
(218, 2, '2024-08-03', 'Tarjeta debito', 69.00),
(219, 23, '2024-07-15', 'Tarjeta debito', 190.00),
(220, 20, '2024-07-23', 'Tarjeta debito', 31.50),
(221, 14, '2024-07-14', 'Efectivo', 140.00),
(222, 26, '2024-07-05', 'transferencia bancaria', 312.00),
(223, 4, '2024-07-02', 'Efectivo', 3.75),
(224, 17, '2024-07-15', 'Tarjeta debito', 30.00),
(225, 16, '2024-08-13', 'Tarjeta debito', 67.50),
(226, 23, '2024-07-15', 'Tarjeta de credito', 5.00),
(227, 4, '2024-08-06', 'Tarjeta debito', 191.25),
(228, 13, '2024-08-28', 'Efectivo', 45.00),
(229, 21, '2024-08-19', 'Efectivo', 72.50),
(230, 23, '2024-08-27', 'Tarjeta de credito', 108.00),
(231, 1, '2024-08-07', 'Tarjeta debito', 170.00),
(232, 26, '2024-08-14', 'Tarjeta debito', 110.00),
(233, 25, '2024-08-20', 'Efectivo', 36.00),
(234, 16, '2024-07-25', 'Efectivo', 213.00),
(235, 29, '2024-07-13', 'Efectivo', 75.00),
(236, 18, '2024-08-05', 'Tarjeta de credito', 75.00),
(237, 15, '2024-08-01', 'Tarjeta de credito', 88.00),
(238, 23, '2024-08-19', 'transferencia bancaria', 82.50),
(239, 14, '2024-07-25', 'Tarjeta debito', 162.00),
(240, 21, '2024-08-25', 'Efectivo', 45.00),
(241, 7, '2024-08-05', 'Tarjeta de credito', 138.00),
(242, 29, '2024-08-07', 'Efectivo', 171.00),
(243, 12, '2024-08-04', 'Efectivo', 156.00),
(244, 6, '2024-07-25', 'Tarjeta debito', 18.00),
(245, 21, '2024-08-20', 'Tarjeta debito', 46.00),
(246, 30, '2024-07-21', 'transferencia bancaria', 168.00),
(247, 5, '2024-07-07', 'Tarjeta de credito', 130.50),
(248, 10, '2024-07-08', 'Tarjeta debito', 120.00),
(249, 1, '2024-07-14', 'Efectivo', 615.00),
(250, 19, '2024-07-04', 'transferencia bancaria', 210.00),
(251, 16, '2024-08-27', 'Tarjeta de credito', 104.00),
(252, 19, '2024-07-23', 'Efectivo', 138.00),
(253, 15, '2024-07-10', 'Tarjeta de credito', 36.00),
(254, 12, '2024-07-05', 'Tarjeta de credito', 15.00),
(255, 24, '2024-07-20', 'Tarjeta debito', 360.00),
(256, 19, '2024-07-28', 'transferencia bancaria', 267.00),
(257, 20, '2024-08-09', 'transferencia bancaria', 108.00),
(258, 7, '2024-08-17', 'Efectivo', 140.00),
(259, 12, '2024-07-14', 'Efectivo', 126.00),
(260, 4, '2024-08-29', 'transferencia bancaria', 255.00),
(261, 2, '2024-07-15', 'transferencia bancaria', 2.00),
(262, 27, '2024-07-24', 'transferencia bancaria', 168.00),
(263, 11, '2024-08-15', 'Tarjeta debito', 59.50),
(264, 1, '2024-07-10', 'Tarjeta debito', 319.50),
(265, 29, '2024-07-04', 'Efectivo', 180.00),
(266, 23, '2024-08-27', 'Efectivo', 247.50),
(267, 18, '2024-08-11', 'transferencia bancaria', 96.00),
(268, 14, '2024-08-06', 'Tarjeta debito', 2.50),
(269, 25, '2024-08-27', 'Efectivo', 117.00),
(270, 16, '2024-08-11', 'Tarjeta de credito', 396.00),
(271, 8, '2024-07-09', 'transferencia bancaria', 37.50),
(272, 12, '2024-08-03', 'Efectivo', 165.00),
(273, 26, '2024-07-25', 'transferencia bancaria', 273.00),
(274, 8, '2024-07-24', 'Tarjeta de credito', 186.00),
(275, 19, '2024-08-10', 'Efectivo', 148.00),
(276, 30, '2024-08-30', 'transferencia bancaria', 183.00),
(277, 29, '2024-07-04', 'Tarjeta de credito', 40.50),
(278, 26, '2024-07-03', 'Efectivo', 39.00),
(279, 4, '2024-07-14', 'Efectivo', 121.50),
(280, 7, '2024-07-15', 'Tarjeta de credito', 198.00),
(281, 24, '2024-08-15', 'Efectivo', 77.00),
(282, 13, '2024-07-10', 'Tarjeta debito', 201.00),
(283, 16, '2024-08-18', 'Tarjeta de credito', 84.00),
(284, 8, '2024-08-15', 'Tarjeta de credito', 91.50),
(285, 14, '2024-08-20', 'transferencia bancaria', 48.00),
(286, 5, '2024-07-29', 'Tarjeta de credito', 102.00),
(287, 28, '2024-08-07', 'Tarjeta de credito', 72.00),
(288, 24, '2024-07-29', 'Efectivo', 120.00),
(289, 27, '2024-08-02', 'Efectivo', 146.00),
(290, 17, '2024-08-27', 'Tarjeta de credito', 98.00),
(291, 7, '2024-08-19', 'transferencia bancaria', 4.00),
(292, 9, '2024-07-02', 'Tarjeta debito', 2.50),
(293, 10, '2024-08-10', 'Tarjeta debito', 135.00),
(294, 21, '2024-08-30', 'Efectivo', 198.00),
(295, 11, '2024-08-08', 'Efectivo', 62.50),
(296, 2, '2024-07-23', 'transferencia bancaria', 150.00),
(297, 7, '2024-08-07', 'Efectivo', 108.00),
(298, 21, '2024-08-14', 'transferencia bancaria', 105.00),
(299, 29, '2024-08-22', 'Tarjeta de credito', 217.50),
(300, 13, '2024-07-17', 'Efectivo', 261.00),
(301, 3, '2024-08-12', 'Tarjeta de credito', 108.00),
(302, 23, '2024-07-11', 'transferencia bancaria', 166.50),
(303, 28, '2024-08-21', 'Tarjeta debito', 255.00),
(304, 1, '2024-08-22', 'Tarjeta debito', 196.00),
(305, 28, '2024-08-17', 'Tarjeta de credito', 2.50),
(306, 25, '2024-08-30', 'Efectivo', 122.50),
(307, 13, '2024-07-27', 'Tarjeta debito', 100.00),
(308, 5, '2024-07-25', 'Efectivo', 158.00),
(309, 10, '2024-07-26', 'Tarjeta de credito', 100.50),
(310, 20, '2024-07-04', 'transferencia bancaria', 7.00),
(311, 16, '2024-07-09', 'transferencia bancaria', 109.50),
(312, 1, '2024-07-02', 'Tarjeta debito', 62.50),
(313, 28, '2024-07-06', 'Tarjeta debito', 168.00),
(314, 7, '2024-08-27', 'transferencia bancaria', 189.00),
(315, 30, '2024-08-22', 'Efectivo', 435.00),
(316, 28, '2024-07-02', 'Tarjeta de credito', 12.50),
(317, 28, '2024-08-17', 'Tarjeta debito', 10.50),
(318, 30, '2024-07-24', 'Efectivo', 43.50),
(319, 28, '2024-08-25', 'transferencia bancaria', 14.00),
(320, 11, '2024-08-01', 'Tarjeta debito', 28.00),
(321, 3, '2024-07-06', 'Tarjeta debito', 279.00),
(322, 4, '2024-07-22', 'Tarjeta debito', 32.00),
(323, 2, '2024-07-22', 'Tarjeta de credito', 90.00),
(324, 17, '2024-07-15', 'Tarjeta debito', 44.00),
(325, 8, '2024-07-29', 'Tarjeta de credito', 78.00),
(326, 7, '2024-08-28', 'Tarjeta de credito', 9.00),
(327, 25, '2024-07-07', 'Tarjeta debito', 247.50),
(328, 2, '2024-07-08', 'Tarjeta debito', 21.25),
(329, 5, '2024-07-27', 'Efectivo', 4.00),
(330, 7, '2024-07-29', 'Tarjeta debito', 132.00),
(331, 24, '2024-07-29', 'Efectivo', 150.00),
(332, 25, '2024-08-06', 'Tarjeta de credito', 44.00),
(333, 21, '2024-07-05', 'Efectivo', 31.50),
(334, 30, '2024-07-05', 'Tarjeta debito', 24.00),
(335, 19, '2024-07-05', 'transferencia bancaria', 104.00),
(336, 28, '2024-08-27', 'Tarjeta de credito', 25.00),
(337, 3, '2024-07-18', 'Tarjeta debito', 210.00),
(338, 24, '2024-07-05', 'Tarjeta debito', 84.00),
(339, 19, '2024-08-22', 'Tarjeta debito', 12.00),
(340, 25, '2024-08-12', 'transferencia bancaria', 55.50),
(341, 24, '2024-08-12', 'Efectivo', 175.00),
(342, 14, '2024-07-12', 'Tarjeta debito', 292.50),
(343, 8, '2024-08-13', 'Efectivo', 124.00),
(344, 27, '2024-07-20', 'Efectivo', 297.50),
(345, 10, '2024-07-15', 'Efectivo', 6.00),
(346, 10, '2024-07-06', 'Efectivo', 296.00),
(347, 3, '2024-08-04', 'Tarjeta debito', 122.50),
(348, 11, '2024-07-01', 'Efectivo', 50.00),
(349, 3, '2024-07-09', 'transferencia bancaria', 35.00),
(350, 24, '2024-08-23', 'transferencia bancaria', 3.00),
(351, 4, '2024-07-24', 'Tarjeta debito', 115.00),
(352, 15, '2024-08-18', 'Tarjeta debito', 106.50),
(353, 8, '2024-08-13', 'Efectivo', 36.00),
(354, 29, '2024-08-24', 'Tarjeta de credito', 252.00),
(355, 22, '2024-08-16', 'transferencia bancaria', 44.00),
(356, 2, '2024-07-29', 'transferencia bancaria', 141.00),
(357, 14, '2024-07-04', 'Efectivo', 160.00),
(358, 15, '2024-07-16', 'transferencia bancaria', 144.00),
(359, 24, '2024-07-21', 'Tarjeta de credito', 147.50),
(360, 13, '2024-07-31', 'transferencia bancaria', 207.00),
(361, 5, '2024-08-25', 'Tarjeta debito', 12.50),
(362, 30, '2024-07-11', 'transferencia bancaria', 150.00),
(363, 30, '2024-08-28', 'Efectivo', 24.75),
(364, 1, '2024-08-30', 'transferencia bancaria', 8.00),
(365, 1, '2024-07-15', 'Tarjeta debito', 90.00),
(366, 1, '2024-07-08', 'Efectivo', 84.00),
(367, 1, '2024-08-19', 'Tarjeta de credito', 68.00),
(368, 17, '2024-07-01', 'transferencia bancaria', 16.00),
(369, 5, '2024-08-06', 'Tarjeta debito', 108.00),
(370, 2, '2024-07-12', 'transferencia bancaria', 64.00),
(371, 2, '2024-08-09', 'Tarjeta debito', 99.00),
(372, 22, '2024-08-13', 'Tarjeta debito', 7.50),
(373, 17, '2024-08-25', 'Tarjeta debito', 108.50),
(374, 17, '2024-07-24', 'Efectivo', 126.00),
(375, 23, '2024-07-17', 'transferencia bancaria', 176.00),
(376, 24, '2024-08-19', 'Efectivo', 370.00),
(377, 13, '2024-07-07', 'Tarjeta debito', 156.00),
(378, 28, '2024-07-21', 'Tarjeta de credito', 186.00),
(379, 1, '2024-07-12', 'Tarjeta debito', 141.00),
(380, 25, '2024-08-28', 'Tarjeta de credito', 156.00),
(381, 23, '2024-08-20', 'Tarjeta debito', 215.00),
(382, 26, '2024-07-27', 'transferencia bancaria', 90.00),
(383, 8, '2024-07-11', 'Tarjeta de credito', 24.75),
(384, 8, '2024-07-20', 'Efectivo', 76.50),
(385, 14, '2024-08-06', 'Tarjeta debito', 127.50),
(386, 8, '2024-08-27', 'Tarjeta de credito', 101.50),
(387, 10, '2024-08-08', 'Tarjeta de credito', 196.00),
(388, 15, '2024-08-27', 'transferencia bancaria', 43.50),
(389, 21, '2024-08-22', 'Tarjeta debito', 38.00),
(390, 4, '2024-07-20', 'transferencia bancaria', 199.50),
(391, 11, '2024-07-24', 'Efectivo', 120.00),
(392, 10, '2024-08-18', 'transferencia bancaria', 391.50),
(393, 22, '2024-08-15', 'transferencia bancaria', 373.50),
(394, 10, '2024-08-09', 'Efectivo', 67.50),
(395, 16, '2024-07-11', 'transferencia bancaria', 152.00),
(396, 7, '2024-07-30', 'Efectivo', 91.00),
(397, 28, '2024-07-08', 'transferencia bancaria', 450.00),
(398, 9, '2024-07-12', 'Tarjeta debito', 51.00),
(399, 11, '2024-07-20', 'transferencia bancaria', 152.00),
(400, 26, '2024-08-09', 'Efectivo', 102.00),
(401, 17, '2024-07-04', 'Tarjeta debito', 120.00),
(402, 10, '2024-07-19', 'transferencia bancaria', 17.50),
(403, 14, '2024-07-23', 'Tarjeta de credito', 130.00),
(404, 8, '2024-08-01', 'Tarjeta de credito', 235.00),
(405, 9, '2024-08-06', 'Efectivo', 102.00),
(406, 5, '2024-07-26', 'Efectivo', 32.00),
(407, 1, '2024-08-20', 'Tarjeta de credito', 37.50),
(408, 14, '2024-07-17', 'Tarjeta de credito', 117.00),
(409, 14, '2024-08-02', 'Tarjeta debito', 88.50),
(410, 8, '2024-07-12', 'transferencia bancaria', 64.50),
(411, 17, '2024-08-13', 'Tarjeta de credito', 30.00),
(412, 30, '2024-07-04', 'Tarjeta de credito', 42.00),
(413, 22, '2024-07-28', 'Tarjeta debito', 292.00),
(414, 6, '2024-07-13', 'Tarjeta debito', 168.00),
(415, 12, '2024-07-05', 'Efectivo', 154.00),
(416, 25, '2024-07-14', 'Tarjeta debito', 1.50),
(417, 5, '2024-07-12', 'Efectivo', 154.00),
(418, 25, '2024-07-31', 'Tarjeta debito', 105.00),
(419, 12, '2024-07-15', 'Efectivo', 231.00),
(420, 9, '2024-07-02', 'Tarjeta debito', 18.00),
(421, 26, '2024-08-01', 'transferencia bancaria', 160.00),
(422, 1, '2024-08-26', 'transferencia bancaria', 33.00),
(423, 21, '2024-07-14', 'Efectivo', 252.00),
(424, 3, '2024-07-26', 'Tarjeta de credito', 12.00),
(425, 1, '2024-07-10', 'Tarjeta de credito', 202.50),
(426, 14, '2024-07-01', 'transferencia bancaria', 46.00),
(427, 23, '2024-08-10', 'Tarjeta de credito', 58.50),
(428, 11, '2024-07-15', 'transferencia bancaria', 45.00),
(429, 15, '2024-07-07', 'Efectivo', 55.00),
(430, 28, '2024-07-10', 'Tarjeta de credito', 30.00),
(431, 28, '2024-08-09', 'Tarjeta debito', 134.00),
(432, 2, '2024-08-06', 'Tarjeta debito', 185.00),
(433, 1, '2024-07-14', 'Tarjeta de credito', 168.75),
(434, 21, '2024-08-28', 'Tarjeta de credito', 6.00),
(435, 9, '2024-08-28', 'Tarjeta de credito', 106.00),
(436, 27, '2024-07-14', 'Tarjeta debito', 132.00),
(437, 13, '2024-07-13', 'Efectivo', 213.00),
(438, 17, '2024-08-10', 'Tarjeta de credito', 135.00),
(439, 19, '2024-07-28', 'Efectivo', 40.00),
(440, 22, '2024-07-30', 'transferencia bancaria', 22.50),
(441, 15, '2024-07-18', 'transferencia bancaria', 342.00),
(442, 6, '2024-08-24', 'Tarjeta debito', 32.50),
(443, 7, '2024-07-26', 'transferencia bancaria', 96.00),
(444, 17, '2024-08-13', 'Efectivo', 54.00),
(445, 1, '2024-07-24', 'Tarjeta de credito', 76.25),
(446, 14, '2024-07-13', 'Tarjeta debito', 91.00),
(447, 29, '2024-08-04', 'Tarjeta de credito', 114.00),
(448, 15, '2024-07-01', 'Tarjeta debito', 228.00),
(449, 27, '2024-08-15', 'transferencia bancaria', 210.00),
(450, 30, '2024-08-11', 'Tarjeta debito', 1125.00),
(451, 22, '2024-08-21', 'Tarjeta de credito', 157.50),
(452, 21, '2024-07-20', 'Tarjeta de credito', 276.50),
(453, 5, '2024-07-21', 'Tarjeta debito', 180.00),
(454, 10, '2024-07-22', 'transferencia bancaria', 57.00),
(455, 15, '2024-07-06', 'Tarjeta debito', 510.00),
(456, 23, '2024-08-19', 'Efectivo', 123.75),
(457, 10, '2024-07-16', 'Tarjeta de credito', 3.50),
(458, 7, '2024-08-10', 'Efectivo', 204.00),
(459, 21, '2024-08-09', 'Tarjeta de credito', 101.50),
(460, 14, '2024-07-08', 'Tarjeta debito', 45.00),
(461, 29, '2024-07-10', 'Tarjeta debito', 147.00),
(462, 29, '2024-07-24', 'transferencia bancaria', 287.00),
(463, 11, '2024-07-24', 'Tarjeta debito', 102.00),
(464, 9, '2024-07-25', 'Efectivo', 152.00),
(465, 22, '2024-07-07', 'Tarjeta debito', 201.00),
(466, 29, '2024-08-27', 'Efectivo', 164.00),
(467, 16, '2024-07-18', 'Tarjeta debito', 86.00),
(468, 6, '2024-08-09', 'transferencia bancaria', 136.00),
(469, 18, '2024-07-27', 'Tarjeta de credito', 126.00),
(470, 21, '2024-08-09', 'Efectivo', 301.50),
(471, 7, '2024-07-10', 'Tarjeta debito', 76.00),
(472, 7, '2024-08-16', 'transferencia bancaria', 182.50),
(473, 2, '2024-08-08', 'Efectivo', 355.00),
(474, 19, '2024-07-23', 'Efectivo', 305.00),
(475, 28, '2024-08-05', 'transferencia bancaria', 70.50),
(476, 30, '2024-07-14', 'transferencia bancaria', 24.50),
(477, 3, '2024-07-19', 'Tarjeta de credito', 92.00),
(478, 3, '2024-07-28', 'transferencia bancaria', 114.00),
(479, 28, '2024-08-06', 'Tarjeta de credito', 26.00),
(480, 24, '2024-07-04', 'Tarjeta de credito', 25.50),
(481, 8, '2024-08-13', 'Tarjeta de credito', 129.00),
(482, 6, '2024-08-21', 'Tarjeta debito', 195.00),
(483, 1, '2024-07-17', 'Efectivo', 36.00),
(484, 21, '2024-07-08', 'transferencia bancaria', 110.00),
(485, 22, '2024-07-03', 'transferencia bancaria', 56.00),
(486, 24, '2024-07-30', 'Efectivo', 52.00),
(487, 4, '2024-07-08', 'Efectivo', 168.00),
(488, 26, '2024-08-03', 'Tarjeta de credito', 27.50),
(489, 16, '2024-08-22', 'Efectivo', 8.00),
(490, 25, '2024-08-05', 'transferencia bancaria', 28.00),
(491, 15, '2024-08-12', 'transferencia bancaria', 28.50),
(492, 29, '2024-08-08', 'Tarjeta debito', 76.25),
(493, 9, '2024-08-09', 'transferencia bancaria', 165.00),
(494, 13, '2024-08-24', 'transferencia bancaria', 142.00),
(495, 12, '2024-07-05', 'Tarjeta debito', 103.50),
(496, 28, '2024-08-22', 'transferencia bancaria', 114.00),
(497, 3, '2024-07-25', 'Tarjeta debito', 195.00),
(498, 7, '2024-07-25', 'transferencia bancaria', 86.00),
(499, 27, '2024-08-06', 'Tarjeta debito', 76.00),
(500, 2, '2024-08-25', 'Tarjeta de credito', 276.50);

-- --------------------------------------------------------

--
-- Stand-in structure for view `ventas_por_cliente`
-- (See below for the actual view)
--
CREATE TABLE `ventas_por_cliente` (
`id_cliente` int(11)
,`nombre` varchar(45)
,`total_ventas` bigint(21)
,`monto_total` decimal(37,2)
);

-- --------------------------------------------------------

--
-- Structure for view `productos_mas_vendidos`
--
DROP TABLE IF EXISTS `productos_mas_vendidos`;

CREATE ALGORITHM=UNDEFINED DEFINER=`root`@`localhost` SQL SECURITY DEFINER VIEW `productos_mas_vendidos`  AS SELECT `producto`.`id_producto` AS `id_producto`, `producto`.`nombre` AS `nombre`, sum(`detalle_venta`.`cantidad`) AS `total_vendido` FROM (`producto` join `detalle_venta` on(`producto`.`id_producto` = `detalle_venta`.`id_producto`)) GROUP BY `producto`.`id_producto`, `producto`.`nombre` ORDER BY sum(`detalle_venta`.`cantidad`) DESC ;

-- --------------------------------------------------------

--
-- Structure for view `ventas_por_cliente`
--
DROP TABLE IF EXISTS `ventas_por_cliente`;

CREATE ALGORITHM=UNDEFINED DEFINER=`root`@`localhost` SQL SECURITY DEFINER VIEW `ventas_por_cliente`  AS SELECT `cliente`.`id_cliente` AS `id_cliente`, `cliente`.`nombre` AS `nombre`, count(`ventas`.`id_venta`) AS `total_ventas`, sum(`ventas`.`total_venta`) AS `monto_total` FROM (`cliente` left join `ventas` on(`cliente`.`id_cliente` = `ventas`.`id_cliente`)) GROUP BY `cliente`.`id_cliente`, `cliente`.`nombre` ;

--
-- Indexes for dumped tables
--

--
-- Indexes for table `cliente`
--
ALTER TABLE `cliente`
  ADD PRIMARY KEY (`id_cliente`);

--
-- Indexes for table `detalle_venta`
--
ALTER TABLE `detalle_venta`
  ADD PRIMARY KEY (`id_detalle_venta`),
  ADD KEY `id_venta` (`id_venta`),
  ADD KEY `id_producto` (`id_producto`);

--
-- Indexes for table `inventario`
--
ALTER TABLE `inventario`
  ADD PRIMARY KEY (`id_inventario`),
  ADD KEY `id_producto` (`id_producto`);

--
-- Indexes for table `producto`
--
ALTER TABLE `producto`
  ADD PRIMARY KEY (`id_producto`),
  ADD KEY `id_proveedor` (`id_proveedor`);

--
-- Indexes for table `proveedor`
--
ALTER TABLE `proveedor`
  ADD PRIMARY KEY (`id_proveedor`);

--
-- Indexes for table `ventas`
--
ALTER TABLE `ventas`
  ADD PRIMARY KEY (`id_venta`),
  ADD KEY `id_cliente` (`id_cliente`);

--
-- AUTO_INCREMENT for dumped tables
--

--
-- AUTO_INCREMENT for table `cliente`
--
ALTER TABLE `cliente`
  MODIFY `id_cliente` int(11) NOT NULL AUTO_INCREMENT, AUTO_INCREMENT=31;

--
-- AUTO_INCREMENT for table `detalle_venta`
--
ALTER TABLE `detalle_venta`
  MODIFY `id_detalle_venta` int(11) NOT NULL AUTO_INCREMENT, AUTO_INCREMENT=501;

--
-- AUTO_INCREMENT for table `inventario`
--
ALTER TABLE `inventario`
  MODIFY `id_inventario` int(11) NOT NULL AUTO_INCREMENT, AUTO_INCREMENT=31;

--
-- AUTO_INCREMENT for table `producto`
--
ALTER TABLE `producto`
  MODIFY `id_producto` int(11) NOT NULL AUTO_INCREMENT, AUTO_INCREMENT=31;

--
-- AUTO_INCREMENT for table `proveedor`
--
ALTER TABLE `proveedor`
  MODIFY `id_proveedor` int(11) NOT NULL AUTO_INCREMENT, AUTO_INCREMENT=11;

--
-- AUTO_INCREMENT for table `ventas`
--
ALTER TABLE `ventas`
  MODIFY `id_venta` int(11) NOT NULL AUTO_INCREMENT, AUTO_INCREMENT=501;

--
-- Constraints for dumped tables
--

--
-- Constraints for table `detalle_venta`
--
ALTER TABLE `detalle_venta`
  ADD CONSTRAINT `detalle_venta_ibfk_1` FOREIGN KEY (`id_venta`) REFERENCES `ventas` (`id_venta`),
  ADD CONSTRAINT `detalle_venta_ibfk_2` FOREIGN KEY (`id_producto`) REFERENCES `producto` (`id_producto`);

--
-- Constraints for table `inventario`
--
ALTER TABLE `inventario`
  ADD CONSTRAINT `inventario_ibfk_1` FOREIGN KEY (`id_producto`) REFERENCES `producto` (`id_producto`);

--
-- Constraints for table `producto`
--
ALTER TABLE `producto`
  ADD CONSTRAINT `producto_ibfk_1` FOREIGN KEY (`id_proveedor`) REFERENCES `proveedor` (`id_proveedor`);

--
-- Constraints for table `ventas`
--
ALTER TABLE `ventas`
  ADD CONSTRAINT `ventas_ibfk_1` FOREIGN KEY (`id_cliente`) REFERENCES `cliente` (`id_cliente`);
COMMIT;

/*!40101 SET CHARACTER_SET_CLIENT=@OLD_CHARACTER_SET_CLIENT */;
/*!40101 SET CHARACTER_SET_RESULTS=@OLD_CHARACTER_SET_RESULTS */;
/*!40101 SET COLLATION_CONNECTION=@OLD_COLLATION_CONNECTION */;
